https://playtech.co.nz/collections/pc-peripherals/products/arozzi-arena-leggero-black	Arena Leggero Desk	$399.00
https://playtech.co.nz/collections/simulation/products/quick-release-adapter	Quick Release Adapter Wheel Base Addon	$169.00
https://playtech.co.nz/collections/components/products/microsoft-365-personal-1-user-12-months-subscription-digital-delivery	365 Personal Software	$119.00
https://playtech.co.nz/collections/simulation/products/gt-elite-wheel-plate-edition	GTELITE WHEEL PLATE EDITION Sim Cockpit	$1,049.00
https://playtech.co.nz/collections/pc-peripherals/products/k3-ultra-slim-wireless	K3 Ultra-slim Wireless Keyboard	$129.00
https://playtech.co.nz/collections/pc-peripherals/products/pro-leather-suede-edition	Pro Leather & Suede Edition Gaming Chair	$499.00
https://playtech.co.nz/collections/streaming/products/elgato-chat-link	Chat Link Video Capture	$25.00
https://playtech.co.nz/collections/components/products/g-skill-ripjaws-v-32gb-2x-16gb-ddr4-3200mhz-c16-memory-black	Ripjaws V 32GB (2x 16GB) 3200Mhz DDR4 Desktop Memory	$219.00
https://playtech.co.nz/collections/simulation/products/extension-rod	Extension Rod Wheel Base Addon	$169.00
https://playtech.co.nz/collections/components/products/mag-b660-tomahawk-wifi	MAG B660 TOMAHAWK WIFI DDR4 Motherboard	$559.00
https://playtech.co.nz/collections/streaming/products/nanoleaf-shapes-triangles-starter-kit-9-panels	Shapes Triangles Starter Kit (9 Panels) Lighting	$299.00
https://playtech.co.nz/collections/simulation/products/gtelite-keyboard-and-mouse-tray-black	GTElite Keyboard and Mouse Tray Black Edition Sim Cockpit Accessory	$139.00
https://playtech.co.nz/collections/simulation/products/thrustmaster-open-wheel-add-on	Open Wheel Addon Wheel	$329.00
https://playtech.co.nz/collections/streaming/products/elgato-green-screen	Green Screen Green Screen	$299.00
https://playtech.co.nz/collections/pc-peripherals/products/asus-rog-strix-impact-ii-electro-punk-rgb-gaming-mouse	IMPACT II ELECTRO PUNK Mouse	$39.00
https://playtech.co.nz/collections/streaming/products/nanoleaf-shapes-triangles-starter-kit-15-panels	Shapes Triangles Starter Kit (15 Panels) Lighting	$449.00
https://playtech.co.nz/collections/lifestyle/products/x-gamer-x-tubz-hyperbeast-600g-60-servings	X-Gamer X-Tubz Hyperbeast - 600g / 60 servings Drinks	$25.00
https://playtech.co.nz/collections/components/products/core-i5-12400f	Core i5 12400F Processor	$349.00
https://playtech.co.nz/collections/pc-peripherals/products/steelseries-qck-small	QcK Cloth Mousepad	$19.00
https://playtech.co.nz/collections/simulation/products/cs-steering-wheel	CS Steering Wheel Addon Wheel	$599.00
